{
    "steps": [
        100,
        200,
        300,
        400,
        500,
        600,
        700,
        800,
        900,
        1000,
        1100,
        1200,
        1300,
        1400,
        1500,
        1600,
        1700,
        1800,
        1900,
        2000,
        2100,
        2200,
        2300,
        2400,
        2500,
        2600,
        2700,
        2800,
        2900,
        3000,
        3100,
        3200,
        3300,
        3400,
        3500,
        3600,
        3700,
        3800,
        3900,
        4000,
        4100,
        4200,
        4300,
        4400,
        4500,
        4600,
        4700,
        4800,
        4900,
        5000,
        5100,
        5200,
        5300,
        5400,
        5500,
        5600,
        5700,
        5800,
        5900,
        6000,
        6100,
        6200,
        6300,
        6400,
        6500,
        6600,
        6700,
        6800,
        6900,
        7000,
        7100,
        7200,
        7300,
        7400,
        7500,
        7600,
        7700,
        7800,
        7900
    ],
    "train_losses": [
        6.915760040283203,
        6.430760860443115,
        6.510223388671875,
        6.378405570983887,
        6.151541709899902,
        6.095798969268799,
        5.714306354522705,
        6.149593830108643,
        5.902426719665527,
        5.858001232147217,
        5.750433921813965,
        5.738870620727539,
        5.741382598876953,
        5.302333831787109,
        5.246904373168945,
        5.4668965339660645,
        5.568141937255859,
        5.211627960205078,
        5.0890116691589355,
        5.1142258644104,
        5.202004432678223,
        5.05981969833374,
        4.977535247802734,
        4.850117206573486,
        4.755730152130127,
        4.917992115020752,
        4.943558216094971,
        4.745474815368652,
        4.934399604797363,
        5.012362957000732,
        4.760005950927734,
        5.096007347106934,
        4.965743541717529,
        4.733574867248535,
        4.684483051300049,
        4.596390247344971,
        4.581277370452881,
        4.290581703186035,
        4.313096046447754,
        4.461047649383545,
        4.720365524291992,
        4.229506969451904,
        4.350529193878174,
        4.417442798614502,
        4.487405300140381,
        4.363561630249023,
        4.372368812561035,
        4.1266937255859375,
        4.218689441680908,
        3.866802453994751,
        4.018903732299805,
        4.09984016418457,
        4.088770866394043,
        4.102120399475098,
        3.837799072265625,
        3.801593542098999,
        4.031152725219727,
        4.079281806945801,
        3.97493314743042,
        3.979855537414551,
        3.9432761669158936,
        3.9525136947631836,
        3.973972797393799,
        3.8357186317443848,
        3.9995758533477783,
        3.886110782623291,
        3.783949136734009,
        3.8859150409698486,
        3.8233559131622314,
        3.8636980056762695,
        4.126010417938232,
        3.876622438430786,
        4.026149272918701,
        3.9078595638275146,
        3.847102165222168,
        3.7987213134765625,
        4.188845157623291,
        3.7583627700805664,
        3.550528049468994
    ],
    "val_losses": [
        6.815969666438316,
        6.544555841986813,
        6.359221807166712,
        6.228778689654906,
        6.1295939061179086,
        6.069283257669477,
        6.026305796495125,
        6.002149532090372,
        5.989596744081867,
        5.982778392620941,
        5.907888789675129,
        5.817924293119516,
        5.730135312720911,
        5.663667863874293,
        5.5881003052441045,
        5.530003967569836,
        5.478184771181932,
        5.429672739399013,
        5.402531730594919,
        5.369319488753134,
        5.339775953719865,
        5.317994252959294,
        5.29679908325423,
        5.28309128889397,
        5.273401452534235,
        5.2650900527612485,
        5.260801443413122,
        5.256228012825126,
        5.253902542057322,
        5.251327059162197,
        5.2673942722491365,
        5.236299208740689,
        5.210756494038141,
        5.183679616273339,
        5.1632180498607125,
        5.140027722316002,
        5.134691964334516,
        5.123918938992628,
        5.097086892199161,
        5.074001924315495,
        5.06397865067667,
        5.05019964388947,
        5.045355476550202,
        5.040730988801415,
        5.029125576588645,
        5.015962871152963,
        5.001150116991641,
        4.999520949463346,
        4.995074485664937,
        4.99478165071402,
        4.981442444360078,
        4.973988547253964,
        4.966472768071872,
        4.964206973118569,
        4.962607027879402,
        4.963683825820239,
        4.957777948521856,
        4.955225489032802,
        4.9507115848028835,
        4.950182445013701,
        4.9466833427770815,
        4.947514427241995,
        4.945954956225495,
        4.9454071272665,
        4.945040546246429,
        4.943449475871983,
        4.943498703970838,
        4.9433489699861894,
        4.942407629383144,
        4.942582272771579,
        4.9903559400074515,
        5.0005291255552375,
        5.006005415275915,
        4.999688732090281,
        4.986172298886883,
        4.982898975486186,
        4.97310410684614,
        4.989025137317714,
        4.986630994882157
    ]
}