{
    "steps": [
        100,
        200,
        300,
        400,
        500,
        600,
        700,
        800,
        900,
        1000,
        1100,
        1200,
        1300,
        1400,
        1500,
        1600,
        1700,
        1800,
        1900,
        2000,
        2100,
        2200,
        2300,
        2400,
        2500,
        2600,
        2700,
        2800,
        2900,
        3000,
        3100,
        3200,
        3300,
        3400,
        3500,
        3600,
        3700,
        3800,
        3900,
        4000
    ],
    "train_losses": [
        4.367218971252441,
        4.356396198272705,
        4.3793439865112305,
        4.292778491973877,
        4.171840190887451,
        4.184886932373047,
        4.2164225578308105,
        4.2242560386657715,
        4.362459182739258,
        4.383487701416016,
        4.42294454574585,
        4.349573135375977,
        4.374267101287842,
        4.526816368103027,
        4.433344841003418,
        4.25674295425415,
        4.390210151672363,
        4.193521022796631,
        4.689942836761475,
        4.39094877243042,
        4.2264580726623535,
        4.365048408508301,
        4.190261363983154,
        4.147444248199463,
        4.273109436035156,
        4.271823406219482,
        4.365854263305664,
        4.294122219085693,
        4.160747528076172,
        4.010032653808594,
        4.194489002227783,
        4.195427894592285,
        4.317432880401611,
        4.535872459411621,
        4.269582748413086,
        4.2501606941223145,
        4.158512592315674,
        4.115868091583252,
        4.196134567260742,
        4.258541584014893
    ],
    "val_losses": [
        5.239025784962213,
        5.2337782489719675,
        5.2270952623281906,
        5.219651898341392,
        5.214342736486179,
        5.209680500315197,
        5.209124109638271,
        5.207988397398991,
        5.20688363687316,
        5.206746670737195,
        5.217207759173949,
        5.215565411012564,
        5.216227467380353,
        5.213078619828865,
        5.2108978655800895,
        5.207800068072419,
        5.206581322114859,
        5.20156714453626,
        5.203019590520147,
        5.201006739886839,
        5.202797049906716,
        5.198237419128418,
        5.195810567087202,
        5.1957446141029475,
        5.195794155348593,
        5.194385130013993,
        5.194681089315841,
        5.194015588333357,
        5.194006827340197,
        5.193536495094869,
        5.207008924057234,
        5.208988040240843,
        5.207672069321817,
        5.204039730242829,
        5.202393887647942,
        5.202884126065382,
        5.207296243354456,
        5.206250233436698,
        5.201878391095062,
        5.200256070094322
    ]
}