{
    "steps": [
        100,
        200,
        300,
        400,
        500,
        600,
        700,
        800,
        900,
        1000,
        1100,
        1200,
        1300,
        1400,
        1500,
        1600,
        1700,
        1800,
        1900,
        2000,
        2100,
        2200,
        2300,
        2400,
        2500,
        2600,
        2700,
        2800,
        2900,
        3000,
        3100,
        3200,
        3300,
        3400,
        3500,
        3600,
        3700,
        3800,
        3900,
        4000,
        4100,
        4200,
        4300,
        4400,
        4500,
        4600,
        4700,
        4800,
        4900,
        5000,
        5100,
        5200,
        5300,
        5400,
        5500,
        5600,
        5700,
        5800,
        5900,
        6000,
        6100,
        6200,
        6300,
        6400,
        6500,
        6600,
        6700,
        6800,
        6900,
        7000,
        7100,
        7200,
        7300,
        7400,
        7500,
        7600,
        7700,
        7800,
        7900,
        8000,
        8100,
        8200,
        8300,
        8400,
        8500,
        8600,
        8700,
        8800,
        8900,
        9000,
        9100,
        9200,
        9300,
        9400,
        9500,
        9600,
        9700,
        9800,
        9900,
        10000,
        10100,
        10200,
        10300,
        10400,
        10500,
        10600,
        10700,
        10800,
        10900,
        11000,
        11100,
        11200,
        11300,
        11400,
        11500,
        11600,
        11700,
        11800,
        11900,
        12000,
        12100,
        12200,
        12300,
        12400,
        12500,
        12600,
        12700,
        12800,
        12900,
        13000,
        13100,
        13200,
        13300,
        13400,
        13500,
        13600,
        13700,
        13800,
        13900,
        14000,
        14100,
        14200,
        14300,
        14400,
        14500,
        14600,
        14700,
        14800,
        14900,
        15000
    ],
    "train_losses": [
        7.618197441101074,
        7.35029935836792,
        7.180298805236816,
        6.996049880981445,
        6.969283580780029,
        6.862766742706299,
        6.73261022567749,
        6.799844741821289,
        6.7169880867004395,
        6.787795066833496,
        6.777167797088623,
        6.492845058441162,
        6.463122367858887,
        6.424215793609619,
        6.359920501708984,
        6.018875598907471,
        6.291497707366943,
        6.273698329925537,
        6.274028301239014,
        6.186626434326172,
        6.2816572189331055,
        6.077929973602295,
        5.996802806854248,
        5.993777275085449,
        6.042777061462402,
        6.017029285430908,
        6.092278957366943,
        5.913280963897705,
        5.835673809051514,
        5.88613748550415,
        5.76589298248291,
        5.831424713134766,
        5.804739952087402,
        5.83699893951416,
        5.662792682647705,
        5.699556827545166,
        5.701511859893799,
        5.6540846824646,
        5.443925380706787,
        5.587545871734619,
        5.587470531463623,
        5.462362766265869,
        5.612033367156982,
        5.579832553863525,
        5.540073394775391,
        5.503549575805664,
        5.513874530792236,
        5.461124420166016,
        5.469132423400879,
        5.355218410491943,
        5.587110996246338,
        5.4293951988220215,
        5.483664035797119,
        5.4205193519592285,
        5.521151065826416,
        5.386283874511719,
        5.421635150909424,
        5.371269226074219,
        5.256459712982178,
        5.54926872253418,
        5.304348945617676,
        5.226794719696045,
        5.2759175300598145,
        5.349461555480957,
        5.2309489250183105,
        5.159145832061768,
        5.151030540466309,
        5.285566329956055,
        5.184634685516357,
        5.212087631225586,
        5.471845626831055,
        5.157175064086914,
        5.199941635131836,
        5.1760573387146,
        5.289849758148193,
        5.101977825164795,
        5.248579025268555,
        5.144734859466553,
        5.224861145019531,
        5.084416389465332,
        5.131423473358154,
        5.0642313957214355,
        4.871972560882568,
        4.9586567878723145,
        5.01193380355835,
        5.053535461425781,
        4.9169793128967285,
        5.059077739715576,
        4.937773704528809,
        5.028436183929443,
        4.974456310272217,
        5.097618103027344,
        5.033486843109131,
        4.963005065917969,
        5.053179740905762,
        5.0828166007995605,
        4.896889686584473,
        4.791905403137207,
        5.004322052001953,
        4.867142677307129,
        5.061295032501221,
        4.9194159507751465,
        5.041454315185547,
        4.860354900360107,
        4.659613609313965,
        4.857978820800781,
        4.855601787567139,
        4.849766731262207,
        4.861900806427002,
        4.910329818725586,
        4.944636344909668,
        4.989477634429932,
        4.977595806121826,
        4.762712001800537,
        4.876722812652588,
        4.803428649902344,
        4.91397762298584,
        4.780851364135742,
        4.84390926361084,
        4.922140598297119,
        4.7865729331970215,
        4.848304748535156,
        4.863626003265381,
        4.552218914031982,
        4.819750785827637,
        4.715145111083984,
        4.576907157897949,
        4.769138813018799,
        4.654389381408691,
        4.793506622314453,
        4.85292911529541,
        4.743709564208984,
        4.6672749519348145,
        4.734513282775879,
        4.803097724914551,
        4.645965099334717,
        4.721311569213867,
        4.612064361572266,
        4.626096248626709,
        4.667695999145508,
        4.779636859893799,
        4.526354789733887,
        4.66617488861084,
        4.472403049468994,
        4.683811664581299,
        4.571760654449463,
        4.7084574699401855,
        4.719953536987305,
        4.617789268493652,
        4.618347644805908
    ],