{
    "steps": [
        500,
        1000,
        1500,
        2000,
        2500,
        3000,
        3500,
        4000,
        4500,
        5000,
        5500,
        6000,
        6500,
        7000,
        7500,
        8000,
        8500,
        9000,
        9500,
        10000,
        10500,
        11000,
        11500,
        12000,
        12500,
        13000,
        13500,
        14000,
        14500,
        15000
    ],
    "train_losses": [
        6.4389824867248535,
        6.300799369812012,
        6.105834484100342,
        5.777042865753174,
        5.539746284484863,
        5.488402366638184,
        5.562695503234863,
        5.348721504211426,
        5.270030975341797,
        4.992934703826904,
        4.606164455413818,
        4.737733364105225,
        4.558507919311523,
        4.777433395385742,
        4.637843608856201,
        4.564906120300293,
        4.265575885772705,
        4.345147609710693,
        4.613346576690674,
        4.267707347869873,
        4.152641773223877,
        4.363560676574707,
        4.217136383056641,
        4.018550395965576,
        4.139108180999756,
        3.8387231826782227,
        4.049875736236572,
        3.848663568496704,
        3.7879412174224854,
        3.817673444747925
    ],
    "val_losses": [
        6.484550952911377,
        6.372031211853027,
        6.071216583251953,
        5.9715166091918945,
        5.801483631134033,
        5.764547348022461,
        5.593825817108154,
        5.554064750671387,
        5.496807098388672,
        5.460240840911865,
        5.373841762542725,
        5.378738880157471,
        5.361274242401123,
        5.299225330352783,
        5.292599201202393,
        5.2620744705200195,
        5.29846715927124,
        5.264446258544922,
        5.256157398223877,
        5.268481254577637,
        5.293712139129639,
        5.251218795776367,
        5.265213966369629,
        5.240067005157471,
        5.296013832092285,
        5.236690044403076,
        5.287298679351807,
        5.273603439331055,
        5.328255653381348,
        5.255784511566162
    ]
}