{
    "steps": [
        100,
        200,
        300,
        400,
        500,
        600,
        700,
        800,
        900,
        1000,
        1100,
        1200,
        1300,
        1400,
        1500,
        1600,
        1700,
        1800,
        1900,
        2000,
        2100,
        2200,
        2300,
        2400,
        2500,
        2600,
        2700,
        2800,
        2900,
        3000,
        3100,
        3200,
        3300,
        3400,
        3500,
        3600,
        3700,
        3800,
        3900,
        4000,
        4100,
        4200,
        4300,
        4400,
        4500,
        4600,
        4700,
        4800,
        4900,
        5000,
        5100,
        5200,
        5300,
        5400,
        5500,
        5600,
        5700,
        5800,
        5900,
        6000,
        6100,
        6200,
        6300,
        6400,
        6500,
        6600,
        6700,
        6800,
        6900,
        7000,
        7100,
        7200,
        7300,
        7400,
        7500,
        7600,
        7700,
        7800,
        7900,
        8000,
        8100,
        8200,
        8300,
        8400,
        8500,
        8600,
        8700,
        8800,
        8900,
        9000,
        9100,
        9200,
        9300,
        9400,
        9500,
        9600,
        9700,
        9800,
        9900,
        10000,
        10100,
        10200,
        10300,
        10400,
        10500,
        10600,
        10700,
        10800,
        10900,
        11000,
        11100,
        11200,
        11300,
        11400,
        11500,
        11600,
        11700
    ],
    "train_losses": [
        7.19752311706543,
        7.071495056152344,
        6.738291263580322,
        6.451674938201904,
        6.160553932189941,
        6.0640668869018555,
        5.953701972961426,
        5.78229284286499,
        5.682042598724365,
        5.560425758361816,
        5.616614818572998,
        5.314194202423096,
        5.414053916931152,
        5.407503604888916,
        5.229959964752197,
        5.384627819061279,
        5.0406036376953125,
        5.078571796417236,
        5.114071846008301,
        5.036582946777344,
        5.146875858306885,
        5.201550006866455,
        4.962583065032959,
        4.787619113922119,
        4.805840969085693,
        4.707406044006348,
        4.943892002105713,
        4.8194780349731445,
        4.632266521453857,
        4.737494945526123,
        4.7049384117126465,
        4.615759372711182,
        4.695849418640137,
        4.631453514099121,
        4.487977027893066,
        4.405101299285889,
        4.615331649780273,
        4.559797286987305,
        4.36636209487915,
        4.486872673034668,
        4.562513828277588,
        4.276763916015625,
        4.334651947021484,
        4.322033405303955,
        4.553125381469727,
        4.498386383056641,
        4.526074409484863,
        4.2989678382873535,
        4.131306171417236,
        4.171289920806885,
        4.2069292068481445,
        4.271373271942139,
        4.216230869293213,
        4.231247901916504,
        4.149832248687744,
        4.093148708343506,
        4.204838275909424,
        4.184701442718506,
        4.224518299102783,
        4.163341999053955,
        3.9929542541503906,
        3.991088390350342,
        4.275473594665527,
        4.130870342254639,
        4.042738914489746,
        4.061576843261719,
        3.866487503051758,
        4.034656047821045,
        3.884505033493042,
        4.04688024520874,
        4.019867897033691,
        3.9380104541778564,
        4.027690410614014,
        3.9182846546173096,
        4.058243751525879,
        3.887228012084961,
        4.065928936004639,
        3.8890504837036133,
        3.9389185905456543,
        3.9886388778686523,
        3.9411730766296387,
        3.9399993419647217,
        4.037042140960693,
        3.936657428741455,
        3.7190158367156982,
        3.7835774421691895,
        4.015438556671143,
        3.7770771980285645,
        3.9682204723358154,
        3.7596545219421387,
        3.780484914779663,
        3.759141683578491,
        3.675508499145508,
        3.72109055519104,
        3.8907127380371094,
        3.578537702560425,
        3.6353721618652344,
        3.5426058769226074,
        3.7724697589874268,
        3.6590659618377686,
        3.749138832092285,
        3.6226236820220947,
        3.680260181427002,
        3.707102060317993,
        3.651524543762207,
        3.647307872772217,
        3.6801376342773438,
        3.5728132724761963,
        3.4318645000457764,
        3.631091833114624,
        3.589951276779175,
        3.6729328632354736,
        3.6787662506103516,
        3.483628034591675,
        3.615180253982544,
        3.5985028743743896,
        3.607908010482788
    ],