{
    "steps": [
        100,
        200,
        300,
        400,
        500,
        600,
        700,
        800,
        900,
        1000,
        1100,
        1200,
        1300,
        1400,
        1500,
        1600,
        1700,
        1800,
        1900,
        2000,
        2100,
        2200,
        2300,
        2400,
        2500,
        2600,
        2700,
        2800,
        2900,
        3000,
        3100,
        3200,
        3300,
        3400,
        3500,
        3600,
        3700,
        3800,
        3900,
        4000,
        4100,
        4200,
        4300,
        4400,
        4500,
        4600,
        4700,
        4800,
        4900,
        5000,
        5100,
        5200,
        5300,
        5400,
        5500,
        5600,
        5700,
        5800,
        5900,
        6000,
        6100,
        6200,
        6300,
        6400,
        6500,
        6600,
        6700,
        6800,
        6900,
        7000,
        7100,
        7200,
        7300,
        7400,
        7500
    ],
    "train_losses": [
        5.020566940307617,
        5.121000289916992,
        5.153267860412598,
        4.883905410766602,
        4.904348373413086,
        4.911348819732666,
        4.857193946838379,
        4.785346984863281,
        4.87428617477417,
        4.9742279052734375,
        4.896794319152832,
        4.7431864738464355,
        4.576362609863281,
        4.705788612365723,
        4.731243133544922,
        4.731321811676025,
        4.7486186027526855,
        4.476474761962891,
        4.6731791496276855,
        4.654616832733154,
        4.6409502029418945,
        4.517790794372559,
        4.511094570159912,
        4.4570631980896,
        4.583282947540283,
        4.368032455444336,
        4.362725734710693,
        4.45396614074707,
        4.474345684051514,
        4.212055206298828,
        4.2509050369262695,
        4.42146635055542,
        4.285040855407715,
        4.516798496246338,
        4.401454448699951,
        4.170746326446533,
        4.317386150360107,
        4.261279106140137,
        4.091104030609131,
        4.258312225341797,
        4.25290060043335,
        3.962679147720337,
        4.1189680099487305,
        4.149908065795898,
        4.087730407714844,
        4.16950798034668,
        4.1372575759887695,
        3.993558406829834,
        4.1752400398254395,
        4.103756427764893,
        4.056540012359619,
        4.104699611663818,
        4.161972522735596,
        3.8437540531158447,
        4.013459205627441,
        3.9981119632720947,
        4.117076396942139,
        4.037910461425781,
        4.031785011291504,
        3.9488816261291504,
        3.932155132293701,
        4.029463768005371,
        4.024587154388428,
        3.8319764137268066,
        4.044504642486572,
        3.8339521884918213,
        3.877013921737671,
        3.758450984954834,
        3.8132526874542236,
        3.7901699542999268,
        4.05626106262207,
        3.6546027660369873,
        3.7378993034362793,
        3.7296671867370605,
        3.7980167865753174
    ],
    "val_losses": [
        5.322722534635174,
        5.300603482260633,
        5.2757191017492495,
        5.242825031280518,
        5.223535203222019,
        5.190322655350415,
        5.183381536113682,
        5.161034121442197,
        5.15249317795483,
        5.126453470827928,
        5.1043614700659,
        5.087121693056021,
        5.085056084305493,
        5.069047180574332,
        5.055675613346384,
        5.040152499924845,
        5.023468693690513,
        5.003949030121761,
        5.0076759822333035,
        5.006720493088907,
        4.985347441772916,
        4.986610298726096,
        4.961488873211305,
        4.952784346110785,
        4.951228704025496,
        4.9433813023923046,
        4.935013642951624,
        4.937105008025668,
        4.9098297944709435,
        4.908937233597485,
        4.908349279147475,
        4.905484719062919,
        4.890232925984397,
        4.884026925955245,
        4.875333351875419,
        4.873892499439752,
        4.8734448774537045,
        4.878780002024636,
        4.865333243982116,
        4.8616566444510845,
        4.8511829732069325,
        4.852946423772556,
        4.852327816521943,
        4.849970326494815,
        4.846524637136886,
        4.846384333140814,
        4.8353922473850535,
        4.83219045667506,
        4.8382700308045345,
        4.839786785752026,
        4.828377040464487,
        4.828613736736241,
        4.819555318177636,
        4.822842192293993,
        4.829380960606817,
        4.826355450188935,
        4.828067416575418,
        4.821115337201019,
        4.816075075918169,
        4.812421065657886,
        4.81727443524261,
        4.828118694362356,
        4.817649392939326,
        4.812686436211885,
        4.807592121522818,
        4.813999944658422,
        4.821602963689548,
        4.8180466196430265,
        4.81972754891239,
        4.814221182865883,
        4.808735520092409,
        4.816734812152919,
        4.82226568193578,
        4.82272150267416,
        4.820706531183044
    ]
}