{
    "steps": [
        100,
        200,
        300,
        400,
        500,
        600,
        700,
        800,
        900,
        1000,
        1100,
        1200,
        1300,
        1400,
        1500,
        1600,
        1700,
        1800,
        1900,
        2000,
        2100,
        2200,
        2300,
        2400,
        2500,
        2600,
        2700,
        2800,
        2900,
        3000,
        3100,
        3200,
        3300,
        3400,
        3500,
        3600,
        3700,
        3800,
        3900,
        4000,
        4100,
        4200,
        4300,
        4400,
        4500,
        4600,
        4700,
        4800,
        4900,
        5000,
        5100,
        5200,
        5300,
        5400,
        5500,
        5600,
        5700,
        5800,
        5900,
        6000,
        6100,
        6200,
        6300,
        6400,
        6500,
        6600,
        6700,
        6800,
        6900,
        7000,
        7100,
        7200,
        7300,
        7400,
        7500,
        7600,
        7700,
        7800,
        7900,
        8000,
        8100,
        8200,
        8300,
        8400,
        8500,
        8600,
        8700,
        8800,
        8900,
        9000,
        9100,
        9200,
        9300,
        9400,
        9500,
        9600,
        9700,
        9800,
        9900,
        10000,
        10100,
        10200,
        10300,
        10400,
        10500,
        10600,
        10700,
        10800,
        10900,
        11000,
        11100,
        11200,
        11300,
        11400,
        11500,
        11600,
        11700,
        11800,
        11900,
        12000,
        12100,
        12200,
        12300,
        12400,
        12500,
        12600,
        12700,
        12800,
        12900,
        13000,
        13100,
        13200,
        13300,
        13400,
        13500,
        13600,
        13700,
        13800,
        13900,
        14000,
        14100,
        14200,
        14300,
        14400,
        14500,
        14600,
        14700,
        14800,
        14900,
        15000
    ],
    "train_losses": [
        7.4228596687316895,
        7.0364861488342285,
        6.716714859008789,
        6.504715919494629,
        6.400382995605469,
        6.200862407684326,
        6.217988967895508,
        6.1804938316345215,
        6.239969253540039,
        6.146360397338867,
        6.048533916473389,
        5.951207160949707,
        5.895515441894531,
        5.791265487670898,
        5.817249774932861,
        5.422016143798828,
        5.41157865524292,
        5.410701751708984,
        5.499701023101807,
        5.413203716278076,
        5.614796161651611,
        5.209754943847656,
        5.547303199768066,
        5.263998031616211,
        5.036998748779297,
        5.153504371643066,
        5.11643123626709,
        5.232579708099365,
        5.06381368637085,
        5.1357316970825195,
        5.1441330909729,
        5.162106990814209,
        5.02092981338501,
        5.0799150466918945,
        5.195749282836914,
        4.842062473297119,
        4.877919673919678,
        4.925609111785889,
        4.845243453979492,
        4.82218074798584,
        4.9319024085998535,
        5.035708904266357,
        4.771626949310303,
        4.886012077331543,
        4.892094612121582,
        4.8057098388671875,
        4.776157855987549,
        4.753324508666992,
        4.595874309539795,
        4.686463832855225,
        4.678950309753418,
        4.660556316375732,
        4.809683799743652,
        4.472426414489746,
        4.729293346405029,
        4.527527332305908,
        4.51209020614624,
        4.442317962646484,
        4.690916538238525,
        4.341529369354248,
        4.428337097167969,
        4.4929304122924805,
        4.561461448669434,
        4.398290634155273,
        4.402121067047119,
        3.9986519813537598,
        4.301718235015869,
        4.278608322143555,
        4.186769008636475,
        4.002551555633545,
        4.509296417236328,
        4.230252742767334,
        4.301784038543701,
        4.3286967277526855,
        4.295079708099365,
        4.205517292022705,
        4.337427139282227,
        4.110910892486572,
        4.032559394836426,
        3.933835029602051,
        4.088542938232422,
        4.188407897949219,
        4.176420211791992,
        4.0012125968933105,
        4.253669738769531,
        4.004899978637695,
        3.9123456478118896,
        3.9658970832824707,
        3.8778114318847656,
        3.9176018238067627,
        4.000718116760254,
        4.198360919952393,
        3.966212511062622,
        4.100574970245361,
        3.901761054992676,
        3.9161462783813477,
        3.9379756450653076,
        3.8602030277252197,
        3.925804615020752,
        3.971381664276123,
        3.9185256958007812,
        3.937852144241333,
        3.8899526596069336,
        4.053062438964844,
        3.881237745285034,
        3.9037320613861084,
        3.8481154441833496,
        3.779771566390991,
        3.718475341796875,
        3.632291555404663,
        3.889091730117798,
        3.8369505405426025,
        3.814105272293091,
        3.7180466651916504,
        3.8923044204711914,
        3.683666706085205,
        3.740211009979248,
        3.8939762115478516,
        3.645164966583252,
        3.5074894428253174,
        3.722432851791382,
        3.8296310901641846,
        3.7753450870513916,
        3.773207187652588,
        3.4536261558532715,
        3.4780118465423584,
        3.5668563842773438,
        3.47298264503479,
        3.550852060317993,
        3.6526403427124023,
        3.5478687286376953,
        3.612161159515381,
        3.570746421813965,
        3.679513454437256,
        3.636807441711426,
        3.6668670177459717,
        3.476374864578247,
        3.5411570072174072,
        3.437455654144287,
        3.427945375442505,
        3.5297980308532715,
        3.5868890285491943,
        3.452731132507324,
        3.497554063796997,
        3.58418345451355,
        3.3724722862243652,
        3.496732473373413,
        3.5009140968322754,
        3.3105177879333496,
        3.366960048675537
    ],