{
    "steps": [
        100,
        200,
        300,
        400,
        500,
        600,
        700,
        800,
        900,
        1000,
        1100,
        1200,
        1300,
        1400,
        1500,
        1600,
        1700,
        1800,
        1900,
        2000,
        2100,
        2200,
        2300,
        2400,
        2500,
        2600,
        2700,
        2800,
        2900,
        3000,
        3100,
        3200,
        3300,
        3400,
        3500,
        3600,
        3700,
        3800,
        3900,
        4000,
        4100,
        4200,
        4300,
        4400,
        4500,
        4600,
        4700,
        4800,
        4900,
        5000,
        5100,
        5200,
        5300,
        5400,
        5500,
        5600,
        5700,
        5800,
        5900,
        6000,
        6100,
        6200,
        6300,
        6400,
        6500,
        6600,
        6700,
        6800,
        6900,
        7000,
        7100,
        7200,
        7300,
        7400,
        7500,
        7600,
        7700,
        7800,
        7900,
        8000,
        8100,
        8200,
        8300,
        8400,
        8500,
        8600,
        8700,
        8800,
        8900,
        9000,
        9100,
        9200,
        9300,
        9400,
        9500,
        9600,
        9700,
        9800,
        9900,
        10000,
        10100,
        10200,
        10300,
        10400,
        10500,
        10600,
        10700,
        10800,
        10900,
        11000,
        11100
    ],
    "train_losses": [
        7.207596302032471,
        6.95918083190918,
        6.589432716369629,
        6.526096820831299,
        6.368346214294434,
        6.1907219886779785,
        5.846738338470459,
        5.83131742477417,
        5.674238204956055,
        5.44940710067749,
        5.606430530548096,
        5.380570888519287,
        5.460422515869141,
        5.42346715927124,
        5.461220741271973,
        5.270149230957031,
        5.272927761077881,
        5.08740758895874,
        5.158138275146484,
        5.165987968444824,
        5.047982215881348,
        5.138847351074219,
        4.8903093338012695,
        4.924267768859863,
        4.813232898712158,
        4.855026721954346,
        4.702988147735596,
        4.647885799407959,
        4.638077259063721,
        4.684934616088867,
        4.813299655914307,
        4.902268409729004,
        4.610872268676758,
        4.51688289642334,
        4.693997383117676,
        4.56185245513916,
        4.666184425354004,
        4.571194171905518,
        4.5612969398498535,
        4.486280918121338,
        4.635866165161133,
        4.34171724319458,
        4.489724636077881,
        4.545400619506836,
        4.501875400543213,
        4.423964977264404,
        4.34817361831665,
        4.209780693054199,
        4.256041049957275,
        4.16438627243042,
        4.2838358879089355,
        4.274355888366699,
        4.437591075897217,
        4.084887504577637,
        4.089843273162842,
        4.270999431610107,
        4.398399353027344,
        4.1259565353393555,
        4.164255142211914,
        4.23305606842041,
        4.16133975982666,
        4.207940101623535,
        4.257519721984863,
        4.110724925994873,
        4.07460880279541,
        4.0969557762146,
        4.056434631347656,
        4.202034950256348,
        4.1153106689453125,
        4.015373706817627,
        4.093109607696533,
        3.9371745586395264,
        4.056442737579346,
        3.9444425106048584,
        3.870166063308716,
        4.057571887969971,
        3.96597957611084,
        3.864985227584839,
        4.021559238433838,
        3.903690814971924,
        4.013876914978027,
        3.89801287651062,
        4.10178279876709,
        3.8183350563049316,
        3.9202404022216797,
        3.8203110694885254,
        3.8284263610839844,
        4.0536274909973145,
        3.8385581970214844,
        3.7161030769348145,
        3.743640661239624,
        3.698306083679199,
        3.835817337036133,
        3.704226493835449,
        3.8356149196624756,
        3.7606029510498047,
        3.6994547843933105,
        3.696092367172241,
        3.848907947540283,
        3.8143534660339355,
        3.8428573608398438,
        3.634828805923462,
        3.837460994720459,
        3.8001742362976074,
        3.709937572479248,
        3.708656072616577,
        3.8022959232330322,
        3.489733934402466,
        3.7021145820617676,
        3.570178270339966,
        3.615520715713501
    ],
    "val_losses": [
        7.28610556872923,
        6.961277769572699,
        6.684805229528626,
        6.447274314823435,
        6.249172915273638,
        6.085979660945152,
        5.944216002279253,
        5.832151690525795,
        5.739886881700203,
        5.662796682386256,
        5.588377098538983,
        5.5273187907774055,
        5.475589076084877,
        5.421641968969089,
        5.377753997916606,
        5.334039310910809,
        5.29923507348815,
        5.25288353393327,
        5.2255754470825195,
        5.191315793279392,
        5.168975666387757,
        5.131405040399352,
        5.106670849358857,
        5.080621584137874,
        5.053592190813663,
        5.0356867135460694,
        5.0180166657291245,
        4.99779590208139,
        4.980182946617924,
        4.9491942747315365,
        4.945907421966098,
        4.921038620507539,
        4.9052248712795885,
        4.890395328180114,
        4.870065909713062,
        4.855259567943971,
        4.847600339063957,
        4.839960930952385,
        4.831021244846173,
        4.809804468012568,
        4.801126238125474,
        4.784118816034118,
        4.780087399838576,
        4.771210620652384,
        4.761448938455155,
        4.745148245968036,
        4.735069879845007,
        4.726481160121177,
        4.730266777437125,
        4.713186150166526,
        4.708868254476519,
        4.697484777934515,
        4.691982461445368,
        4.680812458493817,
        4.681558808284019,
        4.6750798510081735,
        4.670695497028864,
        4.655608760776804,
        4.647326846620929,
        4.645968415843907,
        4.649868801458558,
        4.64149309983894,
        4.6382699937962775,
        4.628721799423445,
        4.622238700069598,
        4.6196219743187745,
        4.618732110777898,
        4.615136602031651,
        4.605699119283192,
        4.603820259891339,
        4.593175831125744,
        4.593094733223986,
        4.59379918539702,
        4.593397325544215,
        4.598028360907711,
        4.580916724987884,
        4.5756153419836245,
        4.577578751008902,
        4.579038214327684,
        4.580993837385035,
        4.581746129847285,
        4.572296427257025,
        4.556475995191887,
        4.566219472173435,
        4.566864070607655,
        4.571207074976679,
        4.561550688387743,
        4.557440380551922,
        4.545899120729361,
        4.554842016590175,
        4.55343240766383,
        4.553122342522465,
        4.552979035163993,
        4.545499025885738,
        4.538209374271222,
        4.5503374213603,
        4.5483030418851484,
        4.545917283243208,
        4.543151848351777,
        4.534804230305686,
        4.529694891687649,
        4.5442083486870155,
        4.541792022648142,
        4.541324949976223,
        4.537712054466134,
        4.5321793912062,
        4.529953707509966,
        4.536621172036698,
        4.536570157577742,
        4.537044489561622,
        4.535144386006825
    ]
}