{
    "steps": [
        100,
        200,
        300,
        400,
        500,
        600,
        700,
        800,
        900,
        1000,
        1100,
        1200,
        1300,
        1400,
        1500,
        1600,
        1700,
        1800,
        1900,
        2000,
        2100,
        2200,
        2300,
        2400,
        2500,
        2600,
        2700,
        2800,
        2900,
        3000,
        3100,
        3200,
        3300,
        3400,
        3500,
        3600,
        3700,
        3800,
        3900,
        4000,
        4100,
        4200,
        4300,
        4400,
        4500,
        4600,
        4700,
        4800,
        4900,
        5000,
        5100,
        5200,
        5300,
        5400,
        5500,
        5600,
        5700,
        5800,
        5900,
        6000,
        6100,
        6200,
        6300,
        6400,
        6500,
        6600,
        6700,
        6800,
        6900,
        7000,
        7100,
        7200,
        7300,
        7400,
        7500,
        7600,
        7700,
        7800,
        7900,
        8000,
        8100,
        8200,
        8300,
        8400,
        8500,
        8600,
        8700,
        8800,
        8900,
        9000,
        9100,
        9200,
        9300,
        9400,
        9500,
        9600,
        9700,
        9800,
        9900,
        10000,
        10100,
        10200,
        10300,
        10400,
        10500
    ],
    "train_losses": [
        7.259106159210205,
        7.048023223876953,
        6.716174125671387,
        6.457125663757324,
        6.123856544494629,
        6.075514316558838,
        5.750003814697266,
        5.710488796234131,
        5.7089385986328125,
        5.724969863891602,
        5.620499610900879,
        5.413112640380859,
        5.333017349243164,
        5.127519130706787,
        5.192061901092529,
        5.349180698394775,
        5.131067752838135,
        5.020422458648682,
        5.164551258087158,
        4.793525218963623,
        4.857937812805176,
        5.041661262512207,
        4.927820205688477,
        4.682161331176758,
        4.914588928222656,
        4.799413204193115,
        4.925507545471191,
        4.814381122589111,
        4.607251167297363,
        4.65780782699585,
        4.586850166320801,
        4.578068256378174,
        4.65263032913208,
        4.566410064697266,
        4.585524082183838,
        4.4280500411987305,
        4.42781400680542,
        4.428365707397461,
        4.418464660644531,
        4.431711673736572,
        4.563421726226807,
        4.425299644470215,
        4.3965935707092285,
        4.245193958282471,
        4.449706077575684,
        4.436228275299072,
        4.335677623748779,
        4.091923236846924,
        4.26425838470459,
        4.267712593078613,
        4.198094367980957,
        4.230937480926514,
        4.318619728088379,
        4.20488166809082,
        4.142026424407959,
        3.9835219383239746,
        4.143666744232178,
        4.1126580238342285,
        4.237407207489014,
        4.095987796783447,
        3.9972915649414062,
        4.051384449005127,
        4.289317607879639,
        4.0262041091918945,
        4.091097831726074,
        3.9840614795684814,
        3.9726626873016357,
        3.897636651992798,
        3.9116623401641846,
        3.8128530979156494,
        3.8772292137145996,
        3.8325746059417725,
        4.009431838989258,
        3.775062084197998,
        3.7905471324920654,
        3.929952621459961,
        3.960932970046997,
        3.7439076900482178,
        3.8017351627349854,
        3.8244824409484863,
        3.783514976501465,
        3.810868263244629,
        3.7579166889190674,
        3.7182769775390625,
        3.72959566116333,
        3.8614957332611084,
        3.8447632789611816,
        3.6582958698272705,
        3.8081953525543213,
        3.6811745166778564,
        3.6653695106506348,
        3.7451443672180176,
        3.8216423988342285,
        3.6072912216186523,
        3.7307686805725098,
        3.6970410346984863,
        3.7494187355041504,
        3.6444506645202637,
        3.73390793800354,
        3.7316930294036865,
        3.7206673622131348,
        3.5525753498077393,
        3.5922937393188477,
        3.595876693725586,
        3.5467746257781982
    ],
    "val_losses": [
        7.259123780834141,
        6.931385090102011,
        6.629829869341495,
        6.390211781459068,
        6.182481844033768,
        6.012623665937737,
        5.878923010470262,
        5.7737001518705,
        5.685312171480549,
        5.608691984148168,
        5.536729043989039,
        5.465694605414547,
        5.420599197273824,
        5.371042792476825,
        5.327003841969504,
        5.278062222608879,
        5.240672061692423,
        5.1971755881807695,
        5.171169281005859,
        5.149491331470546,
        5.112245374651097,
        5.074802106885768,
        5.050829068938298,
        5.022724123143438,
        5.001545607154049,
        4.982161336870336,
        4.953997348671529,
        4.939068651911038,
        4.91212437046108,
        4.895616175523445,
        4.880771330933072,
        4.867295250963809,
        4.8447330887637925,
        4.834581795023449,
        4.81113191149128,
        4.798218435315944,
        4.788769992429819,
        4.775492461759653,
        4.761947660303828,
        4.742684236213343,
        4.72639617635243,
        4.727010769630546,
        4.714698535292896,
        4.714616519301685,
        4.694975568287409,
        4.683114912972521,
        4.674096527384289,
        4.666271259535605,
        4.661574634153451,
        4.65933523605119,
        4.652688574435106,
        4.639713600500306,
        4.630502181266671,
        4.622853343166522,
        4.6245499368923815,
        4.62655113704169,
        4.6124064602069,
        4.603524037261508,
        4.59219191679314,
        4.589962340112942,
        4.59442654652382,
        4.5999590745612755,
        4.583669662475586,
        4.579534502171758,
        4.565551750695527,
        4.569636074464713,
        4.576340938681986,
        4.5738066844086145,
        4.5684549132389805,
        4.563417904412568,
        4.553890541418275,
        4.559373499742195,
        4.553858557743813,
        4.552156953669306,
        4.548694560776895,
        4.5455313582918535,
        4.532776377094326,
        4.541565382658546,
        4.546599501994119,
        4.546514418587756,
        4.546810328070797,
        4.5302035274790295,
        4.528065154801554,
        4.531615976077407,
        4.533222497399174,
        4.530503842368055,
        4.524548302835493,
        4.525546066796601,
        4.5189056823502725,
        4.528042779039981,
        4.5279140258902935,
        4.527516927292098,
        4.5291197762560484,
        4.516763288583329,
        4.508158150003918,
        4.520444528380437,
        4.525489970819274,
        4.528361854268543,
        4.523285267958,
        4.515116428261373,
        4.515792384076474,
        4.519090908676831,
        4.531627961059115,
        4.524402796332516,
        4.5190471108280015
    ]
}