{
    "steps": [
        100,
        200,
        300,
        400,
        500,
        600,
        700,
        800,
        900,
        1000,
        1100,
        1200,
        1300,
        1400,
        1500,
        1600,
        1700,
        1800,
        1900,
        2000,
        2100,
        2200,
        2300,
        2400,
        2500,
        2600,
        2700,
        2800,
        2900,
        3000,
        3100,
        3200,
        3300,
        3400,
        3500,
        3600,
        3700,
        3800,
        3900,
        4000,
        4100,
        4200,
        4300,
        4400,
        4500,
        4600,
        4700,
        4800,
        4900,
        5000,
        5100,
        5200,
        5300,
        5400,
        5500,
        5600,
        5700,
        5800,
        5900,
        6000,
        6100,
        6200,
        6300,
        6400,
        6500,
        6600,
        6700,
        6800,
        6900,
        7000,
        7100,
        7200,
        7300,
        7400,
        7500,
        7600,
        7700,
        7800,
        7900,
        8000,
        8100,
        8200,
        8300,
        8400,
        8500,
        8600,
        8700,
        8800,
        8900,
        9000,
        9100,
        9200,
        9300,
        9400,
        9500,
        9600,
        9700,
        9800,
        9900,
        10000,
        10100,
        10200,
        10300,
        10400,
        10500,
        10600,
        10700,
        10800,
        10900,
        11000,
        11100,
        11200,
        11300,
        11400,
        11500,
        11600,
        11700
    ],
    "train_losses": [
        7.25075626373291,
        6.914285659790039,
        6.6822428703308105,
        6.476747035980225,
        6.197122097015381,
        6.063348293304443,
        5.9928412437438965,
        5.773092269897461,
        5.722127914428711,
        5.568349361419678,
        5.663354873657227,
        5.497455596923828,
        5.478152275085449,
        5.543395042419434,
        5.1578497886657715,
        5.39059591293335,
        5.197451114654541,
        4.979290962219238,
        5.175037860870361,
        4.996660232543945,
        4.828588962554932,
        4.91334342956543,
        5.013747215270996,
        4.783145427703857,
        4.957540512084961,
        4.766664981842041,
        4.892794609069824,
        4.61724328994751,
        4.7161126136779785,
        4.639419078826904,
        4.528863430023193,
        4.590120792388916,
        4.783960819244385,
        4.7203474044799805,
        4.826523780822754,
        4.458895206451416,
        4.521899700164795,
        4.443111896514893,
        4.58322286605835,
        4.395322799682617,
        4.585745334625244,
        4.300632953643799,
        4.368199348449707,
        4.191763877868652,
        4.319183826446533,
        4.314777851104736,
        4.3029398918151855,
        4.21785306930542,
        4.350114822387695,
        4.159275054931641,
        4.245814800262451,
        4.162747859954834,
        4.4726996421813965,
        4.187506198883057,
        4.139833450317383,
        4.217998027801514,
        4.208616733551025,
        4.113256931304932,
        4.109531879425049,
        4.059736728668213,
        4.077027797698975,
        3.930418014526367,
        4.000054836273193,
        3.964512586593628,
        4.1674017906188965,
        4.016080856323242,
        4.155068874359131,
        3.9674463272094727,
        4.021961688995361,
        4.064214706420898,
        4.159743785858154,
        3.7532923221588135,
        3.9357714653015137,
        3.9361345767974854,
        4.058875560760498,
        3.981006145477295,
        3.9416372776031494,
        3.917085886001587,
        3.7626514434814453,
        4.053715705871582,
        4.003425121307373,
        3.779301881790161,
        3.9571805000305176,
        3.6912546157836914,
        3.8567721843719482,
        3.9721994400024414,
        3.7703330516815186,
        3.808959722518921,
        3.9739577770233154,
        3.722966194152832,
        3.8525688648223877,
        3.810697317123413,
        3.8151824474334717,
        3.7537572383880615,
        3.723294973373413,
        3.622086763381958,
        3.7425339221954346,
        3.69163179397583,
        3.7247676849365234,
        3.6313910484313965,
        3.7089998722076416,
        3.6074907779693604,
        3.561556339263916,
        3.7694170475006104,
        3.7407805919647217,
        3.7176907062530518,
        3.7943248748779297,
        3.630979537963867,
        3.7912771701812744,
        3.5774338245391846,
        3.51902174949646,
        3.647904634475708,
        3.647355079650879,
        3.557939052581787,
        3.3879129886627197,
        3.640693187713623,
        3.60160231590271
    ],