{
    "steps": [
        100,
        200,
        300,
        400,
        500,
        600,
        700,
        800,
        900,
        1000,
        1100,
        1200,
        1300,
        1400,
        1500,
        1600,
        1700,
        1800,
        1900,
        2000,
        2100,
        2200,
        2300,
        2400,
        2500,
        2600,
        2700,
        2800,
        2900,
        3000,
        3100,
        3200,
        3300,
        3400,
        3500,
        3600,
        3700,
        3800,
        3900,
        4000,
        4100,
        4200,
        4300,
        4400,
        4500,
        4600,
        4700,
        4800,
        4900,
        5000,
        5100,
        5200,
        5300,
        5400,
        5500,
        5600,
        5700,
        5800,
        5900,
        6000,
        6100,
        6200,
        6300
    ],
    "train_losses": [
        7.171862602233887,
        6.542369842529297,
        6.033707141876221,
        5.847939968109131,
        5.723387718200684,
        5.4453229904174805,
        5.430580139160156,
        5.517800331115723,
        5.2694621086120605,
        5.147541046142578,
        4.966801643371582,
        4.748350143432617,
        4.813292980194092,
        4.8014631271362305,
        4.576459884643555,
        4.8483476638793945,
        4.714374542236328,
        4.493313312530518,
        4.54136323928833,
        4.424497604370117,
        4.440561771392822,
        4.491602420806885,
        4.572764873504639,
        4.178643226623535,
        3.966322660446167,
        4.1506266593933105,
        4.259251594543457,
        4.159399032592773,
        4.2191314697265625,
        3.9628546237945557,
        3.749354839324951,
        3.8121657371520996,
        4.016482353210449,
        4.001293659210205,
        4.01124382019043,
        3.6755802631378174,
        3.8067970275878906,
        3.7593648433685303,
        3.7921342849731445,
        3.630638360977173,
        3.731022357940674,
        3.5176854133605957,
        3.725295066833496,
        3.4824461936950684,
        3.5417490005493164,
        3.732477903366089,
        3.610276222229004,
        3.2817273139953613,
        3.423556327819824,
        3.589496612548828,
        3.378910541534424,
        3.481886148452759,
        3.365980386734009,
        3.2364449501037598,
        3.199291467666626,
        3.1804144382476807,
        3.2671568393707275,
        3.1916298866271973,
        3.3192718029022217,
        3.137382745742798,
        3.12185001373291,
        3.2124176025390625,
        3.1980509757995605
    ],
    "val_losses": [
        7.046270235260921,
        6.554343686174991,
        6.180820977509911,
        5.918198770551539,
        5.727244384253203,
        5.573727892405951,
        5.4597425674324604,
        5.359254452719617,
        5.27281218144431,
        5.198225669006803,
        5.127824121446752,
        5.051732661119148,
        5.000503404816585,
        4.943173892462432,
        4.894299471556251,
        4.855209343468965,
        4.806291259936432,
        4.7635168388708315,
        4.732556264791915,
        4.712662433510396,
        4.67075252532959,
        4.648932798584895,
        4.612589053253629,
        4.593368181541784,
        4.566687569689395,
        4.550659912735669,
        4.523289025719486,
        4.5117950012434775,
        4.490438995076649,
        4.471149216836958,
        4.459598527025821,
        4.450665815552669,
        4.434429079739015,
        4.416022827376181,
        4.404568412410679,
        4.390473924466034,
        4.3931205094750245,
        4.389423384595273,
        4.375433847085754,
        4.362526356284298,
        4.360740259512147,
        4.350265926389552,
        4.355320012391503,
        4.353152232383614,
        4.349135783181262,
        4.335894211014705,
        4.328379385506929,
        4.326816526811514,
        4.341495755893081,
        4.335651771346135,
        4.332534291850987,
        4.327599653557165,
        4.319346954573446,
        4.327235762752704,
        4.335049689705692,
        4.339341978528607,
        4.335812283985651,
        4.328320652691286,
        4.323507458416383,
        4.334353308179486,
        4.3437588286043995,
        4.347319638551171,
        4.346386375711925
    ]
}