{
    "steps": [
        100,
        200,
        300,
        400,
        500,
        600,
        700,
        800,
        900,
        1000,
        1100,
        1200,
        1300,
        1400,
        1500,
        1600,
        1700,
        1800,
        1900,
        2000,
        2100,
        2200,
        2300,
        2400,
        2500,
        2600,
        2700,
        2800,
        2900,
        3000,
        3100,
        3200,
        3300,
        3400,
        3500,
        3600,
        3700,
        3800,
        3900,
        4000,
        4100,
        4200,
        4300,
        4400,
        4500,
        4600,
        4700,
        4800,
        4900,
        5000,
        5100,
        5200,
        5300,
        5400,
        5500,
        5600,
        5700,
        5800,
        5900,
        6000,
        6100,
        6200,
        6300,
        6400,
        6500,
        6600,
        6700,
        6800,
        6900,
        7000,
        7100,
        7200,
        7300,
        7400,
        7500,
        7600,
        7700,
        7800,
        7900,
        8000,
        8100,
        8200,
        8300,
        8400,
        8500,
        8600,
        8700,
        8800,
        8900,
        9000,
        9100,
        9200,
        9300,
        9400,
        9500,
        9600,
        9700,
        9800,
        9900,
        10000,
        10100,
        10200,
        10300,
        10400,
        10500,
        10600,
        10700,
        10800,
        10900,
        11000,
        11100,
        11200,
        11300,
        11400,
        11500,
        11600,
        11700,
        11800,
        11900,
        12000,
        12100,
        12200,
        12300,
        12400,
        12500,
        12600,
        12700,
        12800,
        12900,
        13000,
        13100,
        13200,
        13300,
        13400,
        13500,
        13600,
        13700,
        13800,
        13900,
        14000,
        14100,
        14200,
        14300,
        14400,
        14500,
        14600,
        14700,
        14800,
        14900,
        15000
    ],
    "train_losses": [
        7.294092178344727,
        6.736536026000977,
        6.600862979888916,
        6.4650092124938965,
        6.18015193939209,
        6.160060882568359,
        6.113962173461914,
        5.9735846519470215,
        6.076061725616455,
        6.066565990447998,
        5.97831916809082,
        5.676859378814697,
        5.650993347167969,
        5.436454772949219,
        5.468492031097412,
        5.378411769866943,
        5.541874885559082,
        5.319118499755859,
        5.153751850128174,
        5.177125453948975,
        5.08008337020874,
        5.212357521057129,
        5.096158504486084,
        5.045417785644531,
        4.988379001617432,
        5.068448543548584,
        4.805827617645264,
        4.908012390136719,
        5.006489276885986,
        4.856860637664795,
        4.985376834869385,
        4.987337589263916,
        5.147598743438721,
        4.889829635620117,
        4.9316253662109375,
        4.67670202255249,
        4.685030460357666,
        4.823202610015869,
        4.584760665893555,
        4.764917373657227,
        4.775272369384766,
        4.387446403503418,
        4.648110866546631,
        4.3843770027160645,
        4.585010528564453,
        4.506796360015869,
        4.487829208374023,
        4.385558128356934,
        4.411220550537109,
        4.2736592292785645,
        4.344991207122803,
        4.303947448730469,
        4.159637928009033,
        4.183123588562012,
        4.121303558349609,
        4.214680194854736,
        4.267618656158447,
        4.2157111167907715,
        4.321122169494629,
        4.081172943115234,
        4.040528774261475,
        4.142562389373779,
        4.210698127746582,
        4.1146345138549805,
        4.127904415130615,
        3.991767168045044,
        4.078135967254639,
        4.104592323303223,
        3.9898340702056885,
        3.978769063949585,
        4.238502502441406,
        4.035863399505615,
        4.23236083984375,
        4.159607887268066,
        4.193655014038086,
        4.34637451171875,
        4.081811904907227,
        4.057380199432373,
        4.149065971374512,
        3.9963927268981934,
        4.0814337730407715,
        4.097968578338623,
        4.060293674468994,
        3.7981345653533936,
        3.902724266052246,
        3.7776544094085693,
        4.060348987579346,
        3.8382341861724854,
        3.97157883644104,
        3.656987428665161,
        3.765996217727661,
        3.75711727142334,
        3.804368495941162,
        3.7970147132873535,
        3.7722625732421875,
        3.8005683422088623,
        3.491516351699829,
        3.748107433319092,
        3.575874090194702,
        3.6072230339050293,
        3.654773235321045,
        3.3824427127838135,
        3.479499578475952,
        3.6594319343566895,
        3.5806612968444824,
        3.477970838546753,
        3.704235792160034,
        3.4265105724334717,
        3.4062340259552,
        3.3522896766662598,
        3.400465726852417,
        3.2499654293060303,
        3.3173184394836426,
        3.36059308052063,
        3.257845878601074,
        3.393671989440918,
        3.38671875,
        3.3167152404785156,
        3.4325568675994873,
        3.2879397869110107,
        3.2597756385803223,
        3.2265713214874268,
        3.3216094970703125,
        3.2545535564422607,
        3.1122515201568604,
        3.2168524265289307,
        3.155154228210449,
        3.070589303970337,
        3.171123504638672,
        3.2602126598358154,
        2.931795597076416,
        3.171189069747925,
        3.0503132343292236,
        3.189704656600952,
        3.2262933254241943,
        3.1706345081329346,
        3.042527198791504,
        3.008234977722168,
        3.0628175735473633,
        3.1678307056427,
        3.091932773590088,
        3.1492984294891357,
        3.1605095863342285,
        3.1283063888549805,
        3.0352137088775635,
        3.144639492034912,
        3.0172696113586426,
        2.9487698078155518,
        3.1875572204589844,
        3.0242366790771484
    ],