{
    "steps": [
        100,
        200,
        300,
        400,
        500,
        600,
        700,
        800,
        900,
        1000,
        1100,
        1200,
        1300,
        1400,
        1500,
        1600,
        1700,
        1800,
        1900,
        2000,
        2100,
        2200,
        2300,
        2400,
        2500,
        2600,
        2700,
        2800,
        2900,
        3000,
        3100,
        3200,
        3300,
        3400,
        3500,
        3600,
        3700,
        3800,
        3900,
        4000,
        4100,
        4200,
        4300,
        4400,
        4500,
        4600,
        4700,
        4800,
        4900,
        5000,
        5100,
        5200,
        5300,
        5400,
        5500,
        5600,
        5700,
        5800,
        5900,
        6000,
        6100,
        6200,
        6300,
        6400,
        6500,
        6600,
        6700,
        6800,
        6900,
        7000,
        7100,
        7200,
        7300,
        7400,
        7500,
        7600,
        7700,
        7800,
        7900,
        8000
    ],
    "train_losses": [
        6.61523962020874,
        6.528069019317627,
        6.330190658569336,
        6.184683799743652,
        6.009913921356201,
        5.912621021270752,
        5.825473785400391,
        5.698740482330322,
        5.755229473114014,
        5.638985633850098,
        5.637953281402588,
        5.7709245681762695,
        5.4791259765625,
        5.339540004730225,
        5.07033634185791,
        5.268187522888184,
        5.370075225830078,
        4.86703634262085,
        5.1598100662231445,
        4.9193878173828125,
        4.889203071594238,
        4.886179447174072,
        5.120631694793701,
        4.639911651611328,
        4.813216686248779,
        4.773871898651123,
        4.844816207885742,
        4.628421783447266,
        4.5970563888549805,
        4.769355297088623,
        4.776031970977783,
        4.8491621017456055,
        4.551085472106934,
        4.57516622543335,
        4.861057758331299,
        4.3207173347473145,
        4.560143947601318,
        4.249836444854736,
        4.4109392166137695,
        4.264636039733887,
        4.400152683258057,
        4.1327900886535645,
        4.084362983703613,
        4.185779094696045,
        4.501208305358887,
        3.926480770111084,
        4.078977584838867,
        3.8905410766601562,
        3.9787209033966064,
        3.973832845687866,
        3.8699872493743896,
        3.9298343658447266,
        4.159396648406982,
        3.608302116394043,
        3.8114213943481445,
        3.7651968002319336,
        3.8200812339782715,
        3.5237183570861816,
        3.772495746612549,
        3.6377174854278564,
        3.6083216667175293,
        3.675780773162842,
        3.7536041736602783,
        3.8110265731811523,
        3.812594413757324,
        3.543614625930786,
        3.6837010383605957,
        3.6811423301696777,
        3.8175084590911865,
        3.3409440517425537,
        3.72711181640625,
        3.747184991836548,
        3.6915717124938965,
        3.6634130477905273,
        3.8695569038391113,
        3.893580436706543,
        3.6549198627471924,
        3.627316474914551,
        3.5059211254119873,
        3.653162956237793
    ],
    "val_losses": [
        6.7810116597075965,
        6.474501887364174,
        6.271515917422167,
        6.124321268565619,
        6.016933540799725,
        5.940355429008825,
        5.892472573180697,
        5.863244675878269,
        5.847753638651834,
        5.83953976275316,
        5.773413522919612,
        5.673995053590233,
        5.584930612080133,
        5.510207026752074,
        5.441719346971654,
        5.377065615867501,
        5.326526962109466,
        5.278281959135141,
        5.2434750386138465,
        5.222557743983482,
        5.185311737345226,
        5.162728096122172,
        5.14078792173471,
        5.126848042900883,
        5.117529726740139,
        5.10873630153599,
        5.102442627522483,
        5.097573024123462,
        5.09489960456962,
        5.093335713913191,
        5.128020101518773,
        5.1103124974378895,
        5.091700952444503,
        5.0531786164241055,
        5.03142805953524,
        5.007577575854401,
        5.003968978995707,
        4.984550732285229,
        4.973077667293264,
        4.956986576763551,
        4.937406226770202,
        4.9244404764317755,
        4.9204868914476085,
        4.915334665953224,
        4.896742756686994,
        4.886369221246064,
        4.880560355399972,
        4.870045007164799,
        4.866856147993857,
        4.86068908492131,
        4.857960245502529,
        4.847843469078861,
        4.849821596003291,
        4.842489669572061,
        4.838754148625616,
        4.838085046455042,
        4.832538405461098,
        4.830441916166847,
        4.824608354426142,
        4.825569814710475,
        4.825889530466564,
        4.823943778650085,
        4.822909348046601,
        4.822485468280849,
        4.820794561016026,
        4.820084949037922,
        4.820524721003291,
        4.821038908033229,
        4.820669167077363,
        4.819239623511016,
        4.889496924272224,
        4.897978917876286,
        4.89747278725923,
        4.904151297327298,
        4.8848476196402935,
        4.882459612035039,
        4.87398950377507,
        4.886487711721392,
        4.901303682754289,
        4.898917689252255
    ]
}