{
    "steps": [
        100,
        200,
        300,
        400,
        500,
        600,
        700,
        800,
        900,
        1000,
        1100,
        1200,
        1300,
        1400,
        1500,
        1600,
        1700,
        1800,
        1900,
        2000,
        2100,
        2200,
        2300,
        2400,
        2500,
        2600,
        2700,
        2800,
        2900,
        3000,
        3100,
        3200,
        3300,
        3400,
        3500,
        3600,
        3700,
        3800,
        3900,
        4000,
        4100,
        4200,
        4300,
        4400,
        4500,
        4600,
        4700,
        4800,
        4900,
        5000,
        5100,
        5200,
        5300,
        5400,
        5500,
        5600,
        5700,
        5800,
        5900,
        6000,
        6100,
        6200,
        6300,
        6400,
        6500,
        6600,
        6700,
        6800,
        6900,
        7000,
        7100,
        7200,
        7300,
        7400,
        7500,
        7600,
        7700,
        7800,
        7900,
        8000,
        8100,
        8200,
        8300,
        8400,
        8500,
        8600,
        8700,
        8800,
        8900,
        9000,
        9100,
        9200,
        9300,
        9400,
        9500,
        9600,
        9700,
        9800,
        9900,
        10000,
        10100,
        10200,
        10300,
        10400,
        10500,
        10600,
        10700,
        10800,
        10900,
        11000,
        11100,
        11200,
        11300,
        11400,
        11500,
        11600,
        11700,
        11800,
        11900,
        12000,
        12100,
        12200,
        12300,
        12400,
        12500,
        12600,
        12700,
        12800,
        12900,
        13000,
        13100,
        13200,
        13300,
        13400,
        13500,
        13600,
        13700,
        13800,
        13900,
        14000,
        14100,
        14200,
        14300,
        14400,
        14500,
        14600,
        14700,
        14800,
        14900,
        15000,
        15100,
        15200
    ],
    "train_losses": [
        7.214202880859375,
        6.742762088775635,
        6.503759384155273,
        6.65436315536499,
        6.498317241668701,
        6.436566352844238,
        6.382800579071045,
        6.42889928817749,
        6.314847946166992,
        6.243983268737793,
        6.204043388366699,
        6.208640098571777,
        6.156580448150635,
        6.1446075439453125,
        5.917734146118164,
        6.041734218597412,
        5.700156211853027,
        5.575397491455078,
        5.779422283172607,
        5.51560115814209,
        5.594048023223877,
        5.6072306632995605,
        5.808492183685303,
        5.710783958435059,
        5.541906833648682,
        5.575578212738037,
        5.451176166534424,
        5.540052890777588,
        5.86732816696167,
        5.601199626922607,
        5.587533950805664,
        5.74222993850708,
        5.453356742858887,
        5.622277736663818,
        5.436021327972412,
        5.302500247955322,
        5.17705774307251,
        5.289600849151611,
        5.2899274826049805,
        5.181438446044922,
        4.987764358520508,
        5.130239009857178,
        5.094954013824463,
        5.093052387237549,
        5.257253646850586,
        5.306601047515869,
        5.028465747833252,
        4.615880966186523,
        5.151415824890137,
        4.930869102478027,
        5.02416467666626,
        4.902786731719971,
        5.031563758850098,
        4.607508659362793,
        4.854228973388672,
        4.80859899520874,
        4.939367771148682,
        4.639492511749268,
        4.792351245880127,
        4.696382522583008,
        4.736477851867676,
        4.846531391143799,
        4.635184288024902,
        4.604111671447754,
        4.719369888305664,
        4.894415378570557,
        4.6207780838012695,
        4.604771137237549,
        4.699883460998535,
        4.713291168212891,
        4.61431360244751,
        4.50790548324585,
        4.846024513244629,
        4.694401264190674,
        4.586787700653076,
        4.708609580993652,
        4.862240314483643,
        4.7332072257995605,
        4.613835334777832,
        4.584872245788574,
        4.617412567138672,
        4.510290622711182,
        4.466268539428711,
        4.535710334777832,
        4.478733062744141,
        4.493707180023193,
        4.304075241088867,
        4.568758010864258,
        4.420917510986328,
        4.488068580627441,
        4.459171772003174,
        4.314042568206787,
        4.232433319091797,
        4.472588062286377,
        4.407680511474609,
        4.164234161376953,
        4.348262786865234,
        4.022319793701172,
        4.205836296081543,
        4.310623645782471,
        4.242971897125244,
        4.05225944519043,
        4.139588832855225,
        4.326321125030518,
        4.199305057525635,
        4.344236373901367,
        4.349076271057129,
        4.105691432952881,
        4.163660526275635,
        3.920499801635742,
        4.298773765563965,
        4.001087188720703,
        3.985884666442871,
        4.022263526916504,
        4.145051956176758,
        4.088331699371338,
        4.058509826660156,
        4.034891605377197,
        4.160583972930908,
        4.093825340270996,
        4.294692039489746,
        4.073871612548828,
        4.080262184143066,
        4.241425037384033,
        4.003598213195801,
        3.7197468280792236,
        4.042881965637207,
        3.9290826320648193,
        3.9831156730651855,
        4.018519878387451,
        4.161017894744873,
        3.9707436561584473,
        4.159245014190674,
        4.12179708480835,
        3.9869847297668457,
        3.9659852981567383,
        4.004812240600586,
        3.8460512161254883,
        4.0506367683410645,
        4.25880765914917,
        3.960576057434082,
        4.124041557312012,
        3.930562973022461,
        3.9724435806274414,
        3.8623666763305664,
        4.136413097381592,
        3.941286325454712,
        4.048666000366211,
        4.033061981201172,
        3.9368386268615723,
        4.154964923858643,
        4.146841049194336
    ],