{
    "steps": [
        100,
        200,
        300,
        400,
        500,
        600,
        700,
        800,
        900,
        1000,
        1100,
        1200,
        1300,
        1400,
        1500,
        1600,
        1700,
        1800,
        1900,
        2000,
        2100,
        2200,
        2300,
        2400,
        2500,
        2600,
        2700,
        2800,
        2900,
        3000,
        3100,
        3200,
        3300,
        3400,
        3500,
        3600,
        3700,
        3800,
        3900,
        4000,
        4100,
        4200,
        4300,
        4400,
        4500,
        4600,
        4700,
        4800,
        4900,
        5000,
        5100,
        5200,
        5300,
        5400,
        5500,
        5600,
        5700,
        5800,
        5900,
        6000,
        6100,
        6200,
        6300,
        6400,
        6500,
        6600,
        6700,
        6800,
        6900
    ],
    "train_losses": [
        6.9950995445251465,
        6.614526748657227,
        6.216367244720459,
        5.948080539703369,
        5.864914894104004,
        5.436341285705566,
        5.417734146118164,
        5.35640811920166,
        5.2078752517700195,
        5.234776020050049,
        5.283846855163574,
        4.800657749176025,
        4.922331809997559,
        4.848801136016846,
        4.755161285400391,
        4.793015956878662,
        4.690443515777588,
        4.564413070678711,
        4.657662868499756,
        4.709951400756836,
        4.669055461883545,
        4.582746982574463,
        4.490995407104492,
        4.241586685180664,
        4.196457862854004,
        4.3935699462890625,
        4.29183292388916,
        4.258405685424805,
        4.239478588104248,
        4.060258388519287,
        4.087959289550781,
        4.030521869659424,
        4.120865821838379,
        4.128379821777344,
        4.127854347229004,
        3.7282845973968506,
        3.877458095550537,
        3.8444302082061768,
        3.850003957748413,
        3.9108734130859375,
        3.9144818782806396,
        3.652463436126709,
        3.5530388355255127,
        3.7033064365386963,
        3.7558164596557617,
        3.620093822479248,
        3.8233280181884766,
        3.5939412117004395,
        3.4417800903320312,
        3.4628562927246094,
        3.5805864334106445,
        3.621323585510254,
        3.6738686561584473,
        3.392054557800293,
        3.371938943862915,
        3.458484649658203,
        3.345902681350708,
        3.449557065963745,
        3.359924554824829,
        3.150193691253662,
        3.2448909282684326,
        3.23931884765625,
        3.3569774627685547,
        3.204998731613159,
        3.222337245941162,
        3.176923990249634,
        3.2905664443969727,
        3.202968120574951,
        3.210038900375366
    ],
    "val_losses": [
        7.060714394298952,
        6.5752775064155236,
        6.205369002783477,
        5.924555522292407,
        5.743556143632576,
        5.599080420252102,
        5.490351854865231,
        5.398035227362789,
        5.309091539525274,
        5.240908665443534,
        5.160956354283575,
        5.099975863499428,
        5.070722323745044,
        5.004525803807956,
        4.951601654735963,
        4.912676533656334,
        4.855078440993579,
        4.820095475040265,
        4.786034562694493,
        4.763050250153043,
        4.7310281511562975,
        4.700654990637481,
        4.669885300878269,
        4.646462390671915,
        4.623661937998302,
        4.621872766694026,
        4.586451331181313,
        4.5644382718783705,
        4.542192544510115,
        4.52113656143644,
        4.526217681258472,
        4.510328926257233,
        4.496186669193097,
        4.472654353326826,
        4.459965837535574,
        4.450068747819359,
        4.445081767751209,
        4.447800458367191,
        4.440132568131632,
        4.419905310246482,
        4.397590402346938,
        4.39882190903621,
        4.40330327446781,
        4.403750914246289,
        4.396890234591356,
        4.382682643719574,
        4.382603574154982,
        4.37689722118093,
        4.380124650784393,
        4.385031461715698,
        4.3775412644912945,
        4.3694313533270535,
        4.36150529135519,
        4.368046956275826,
        4.37503690861944,
        4.377000097018569,
        4.370334845870288,
        4.368131388479204,
        4.354710753284284,
        4.373090744018555,
        4.383235433208409,
        4.389461385669993,
        4.37895024712406,
        4.374565644050712,
        4.368703237220423,
        4.381461442406498,
        4.386410560180892,
        4.390980375346853,
        4.39633578328944
    ]
}