{
    "steps": [
        100,
        200,
        300,
        400,
        500,
        600,
        700,
        800,
        900,
        1000,
        1100,
        1200,
        1300,
        1400,
        1500,
        1600,
        1700,
        1800,
        1900,
        2000,
        2100,
        2200,
        2300,
        2400,
        2500,
        2600,
        2700,
        2800,
        2900,
        3000,
        3100,
        3200,
        3300,
        3400,
        3500,
        3600,
        3700,
        3800,
        3900,
        4000,
        4100,
        4200,
        4300,
        4400,
        4500,
        4600,
        4700,
        4800,
        4900,
        5000,
        5100,
        5200,
        5300,
        5400,
        5500,
        5600,
        5700,
        5800,
        5900,
        6000,
        6100,
        6200,
        6300,
        6400,
        6500,
        6600,
        6700,
        6800,
        6900,
        7000,
        7100,
        7200,
        7300,
        7400,
        7500,
        7600,
        7700,
        7800,
        7900,
        8000,
        8100,
        8200,
        8300,
        8400,
        8500,
        8600,
        8700,
        8800,
        8900,
        9000,
        9100,
        9200,
        9300,
        9400,
        9500,
        9600,
        9700,
        9800,
        9900
    ],
    "train_losses": [
        7.421842575073242,
        7.099897861480713,
        6.715195655822754,
        6.643502235412598,
        6.355607986450195,
        6.164859771728516,
        6.05399751663208,
        5.876427173614502,
        5.749711036682129,
        5.746677398681641,
        5.855723857879639,
        5.572092056274414,
        5.475103855133057,
        5.276098728179932,
        5.279844760894775,
        5.37575101852417,
        5.375838756561279,
        5.243838787078857,
        5.317930698394775,
        5.227015495300293,
        4.993533611297607,
        5.1959686279296875,
        4.914305686950684,
        4.9737443923950195,
        4.9325714111328125,
        4.920290470123291,
        4.945624828338623,
        5.032608985900879,
        4.866757392883301,
        4.733121871948242,
        4.758582592010498,
        4.7034430503845215,
        4.696657657623291,
        4.742407321929932,
        4.876717567443848,
        4.565898895263672,
        4.575798988342285,
        4.553369522094727,
        4.6226348876953125,
        4.534031391143799,
        4.404298305511475,
        4.388252258300781,
        4.45934534072876,
        4.5455474853515625,
        4.351336479187012,
        4.391359806060791,
        4.446678638458252,
        4.225856781005859,
        4.292545795440674,
        4.348225116729736,
        4.4471435546875,
        4.412163257598877,
        4.238197326660156,
        4.217973232269287,
        4.193451404571533,
        4.190444469451904,
        4.194978713989258,
        4.268074035644531,
        4.272741794586182,
        4.004307746887207,
        3.9895308017730713,
        4.153107643127441,
        4.167513847351074,
        4.063839435577393,
        4.019519329071045,
        3.9788918495178223,
        4.081057071685791,
        4.014442443847656,
        4.100815773010254,
        4.099074363708496,
        4.018250942230225,
        3.7427425384521484,
        3.8647797107696533,
        3.9873509407043457,
        4.00495719909668,
        3.9203550815582275,
        3.947995901107788,
        3.7943644523620605,
        3.800745725631714,
        3.806216239929199,
        3.92090106010437,
        3.861771583557129,
        3.8790035247802734,
        3.7989373207092285,
        3.7471823692321777,
        3.800549030303955,
        3.768270254135132,
        3.8440988063812256,
        3.867624282836914,
        3.6024587154388428,
        3.7074875831604004,
        3.8007023334503174,
        3.712031602859497,
        3.7462241649627686,
        3.956071376800537,
        3.57643723487854,
        3.621939182281494,
        3.5777153968811035,
        3.668213367462158
    ],
    "val_losses": [
        7.362782698958667,
        7.06155391237629,
        6.785766416521215,
        6.560049726002252,
        6.352308308900292,
        6.198003733336036,
        6.059350704079244,
        5.945757994011267,
        5.846517548632266,
        5.763609089068512,
        5.688322045909825,
        5.62662461978286,
        5.574328927851435,
        5.52723987778621,
        5.483994676106012,
        5.437603559067,
        5.40092174330754,
        5.365875977188794,
        5.343080968999151,
        5.311127698243554,
        5.28408483249038,
        5.2589967215239115,
        5.226244648890709,
        5.206025230350779,
        5.189636408393063,
        5.165831188657391,
        5.14299014788955,
        5.1283743345915385,
        5.1021037528763955,
        5.082998944752252,
        5.074299620158636,
        5.061588194832873,
        5.046784023740399,
        5.026989424406593,
        5.007193024478742,
        4.993844060755488,
        4.993586312479048,
        4.98110277261307,
        4.969176370706132,
        4.961668313439213,
        4.942390263970219,
        4.930040822100284,
        4.931037845896252,
        4.933095882188028,
        4.912983339224288,
        4.901612310267207,
        4.8924806082426615,
        4.8811718029762385,
        4.884603023529053,
        4.878538145947812,
        4.872483616444602,
        4.86971018207607,
        4.853826700751461,
        4.850322260785458,
        4.8528373063500245,
        4.848005123992465,
        4.842298009502354,
        4.83549134411029,
        4.823661697444631,
        4.832699106700384,
        4.8285379979147836,
        4.826506123613956,
        4.82469160877057,
        4.8145517306541326,
        4.810576844571242,
        4.816804821811505,
        4.809308251338218,
        4.809056153937952,
        4.809306607317569,
        4.803322663947718,
        4.796448166690656,
        4.800116866382201,
        4.806862126535444,
        4.798851155523044,
        4.801259211639859,
        4.793557145702305,
        4.786474320425916,
        4.798669430746961,
        4.797016165149746,
        4.800198213377995,
        4.794322206013239,
        4.789414975180555,
        4.78416760999765,
        4.7905683090437705,
        4.800171474912274,
        4.795789220439854,
        4.794388386740613,
        4.784271859410984,
        4.7813233831035555,
        4.79274292134527,
        4.802521356895788,
        4.800592002583973,
        4.798820552541248,
        4.792558178972842,
        4.785654075110137,
        4.794168678682242,
        4.798200358205767,
        4.797683388439577,
        4.796459126828322
    ]
}