{
    "steps": [
        500,
        1000,
        1500,
        2000,
        2500,
        3000,
        3500,
        4000,
        4500,
        5000,
        5500,
        6000,
        6500,
        7000,
        7500,
        8000,
        8500,
        9000,
        9500,
        10000,
        10500,
        11000,
        11500,
        12000,
        12500,
        13000,
        13500,
        14000,
        14500,
        15000
    ],
    "train_losses": [
        5.91752290725708,
        5.644238471984863,
        5.373114109039307,
        5.081179141998291,
        4.87436056137085,
        4.681661605834961,
        4.763792991638184,
        4.5557732582092285,
        4.2436089515686035,
        4.2192864418029785,
        4.044644355773926,
        3.8856825828552246,
        4.179134845733643,
        4.0285162925720215,
        3.9837305545806885,
        3.861908435821533,
        3.7623789310455322,
        3.4658162593841553,
        3.787651777267456,
        3.4152324199676514,
        3.6812899112701416,
        3.405043601989746,
        3.5655579566955566,
        3.3009347915649414,
        3.1630141735076904,
        3.1974334716796875,
        3.444284677505493,
        3.137073040008545,
        3.2350916862487793,
        2.9516782760620117
    ],
    "val_losses": [
        5.97479772567749,
        5.788597106933594,
        5.474215984344482,
        5.359089374542236,
        5.225926876068115,
        5.144611358642578,
        5.0621819496154785,
        5.008851051330566,
        4.9669647216796875,
        4.919187545776367,
        4.922045707702637,
        4.871847629547119,
        4.878774166107178,
        4.833345413208008,
        4.8609938621521,
        4.822452068328857,
        4.869138717651367,
        4.826784133911133,
        4.864785194396973,
        4.8369269371032715,
        4.899908542633057,
        4.85580587387085,
        4.915387153625488,
        4.881263256072998,
        4.910017967224121,
        4.899639129638672,
        4.9432148933410645,
        4.929549694061279,
        5.004638671875,
        4.952849864959717
    ]
}