{
    "steps": [
        100,
        200,
        300,
        400,
        500,
        600,
        700,
        800,
        900,
        1000,
        1100,
        1200,
        1300,
        1400,
        1500,
        1600,
        1700,
        1800,
        1900,
        2000,
        2100,
        2200,
        2300,
        2400,
        2500,
        2600,
        2700,
        2800,
        2900,
        3000,
        3100,
        3200,
        3300,
        3400,
        3500,
        3600,
        3700,
        3800,
        3900,
        4000,
        4100,
        4200,
        4300,
        4400,
        4500,
        4600,
        4700,
        4800,
        4900,
        5000,
        5100,
        5200,
        5300,
        5400,
        5500,
        5600,
        5700,
        5800,
        5900,
        6000,
        6100,
        6200,
        6300,
        6400,
        6500,
        6600,
        6700,
        6800,
        6900,
        7000,
        7100,
        7200,
        7300,
        7400,
        7500,
        7600,
        7700,
        7800,
        7900,
        8000,
        8100,
        8200,
        8300,
        8400,
        8500,
        8600,
        8700,
        8800,
        8900,
        9000,
        9100,
        9200,
        9300,
        9400,
        9500,
        9600,
        9700,
        9800,
        9900,
        10000,
        10100,
        10200,
        10300,
        10400,
        10500,
        10600,
        10700,
        10800,
        10900,
        11000,
        11100,
        11200,
        11300,
        11400,
        11500,
        11600,
        11700,
        11800,
        11900,
        12000,
        12100,
        12200,
        12300,
        12400,
        12500,
        12600,
        12700,
        12800,
        12900,
        13000,
        13100,
        13200,
        13300,
        13400,
        13500,
        13600,
        13700,
        13800,
        13900
    ],
    "train_losses": [
        7.273493766784668,
        6.872915267944336,
        6.755827903747559,
        6.350789546966553,
        6.223360538482666,
        6.031799793243408,
        5.777724266052246,
        5.906957149505615,
        5.615612506866455,
        5.580111026763916,
        5.5474724769592285,
        5.495155334472656,
        5.368557929992676,
        5.446818828582764,
        5.210212230682373,
        5.125133514404297,
        5.173278331756592,
        4.820626735687256,
        5.075668811798096,
        4.817874431610107,
        5.026862144470215,
        5.024951457977295,
        5.083388328552246,
        4.7987284660339355,
        5.003844261169434,
        4.869439601898193,
        4.763487815856934,
        4.851806640625,
        4.9341630935668945,
        4.733903884887695,
        4.633715629577637,
        4.649072170257568,
        4.604691505432129,
        4.892254829406738,
        4.689088821411133,
        4.458477973937988,
        4.5265703201293945,
        4.744330406188965,
        4.590848445892334,
        4.589972019195557,
        4.558061599731445,
        4.354268550872803,
        4.509969234466553,
        4.497812747955322,
        4.423126697540283,
        4.4086737632751465,
        4.403913974761963,
        4.396325588226318,
        4.4405951499938965,
        4.282498359680176,
        4.285820484161377,
        4.292114734649658,
        4.327741622924805,
        4.163188457489014,
        4.277315616607666,
        4.176192283630371,
        4.376909255981445,
        4.252203941345215,
        4.07347297668457,
        4.172033786773682,
        3.962165355682373,
        4.2282915115356445,
        4.051255702972412,
        4.15633487701416,
        4.011555194854736,
        3.9590563774108887,
        4.022565841674805,
        4.009544849395752,
        4.031993389129639,
        4.072000503540039,
        4.2715864181518555,
        3.8893039226531982,
        3.9326560497283936,
        4.004012107849121,
        4.009175777435303,
        3.9162418842315674,
        3.934396266937256,
        3.849018096923828,
        3.936467170715332,
        3.842482805252075,
        3.994617462158203,
        3.9120397567749023,
        3.9406800270080566,
        3.7671971321105957,
        3.8479373455047607,
        3.881862163543701,
        3.833381414413452,
        3.8906283378601074,
        3.827003240585327,
        3.7479681968688965,
        3.663701057434082,
        3.8350729942321777,
        3.828507423400879,
        3.784184455871582,
        3.9337170124053955,
        3.7329981327056885,
        3.8241117000579834,
        3.7005739212036133,
        3.7168326377868652,
        3.669015407562256,
        3.832202672958374,
        3.729299306869507,
        3.640998363494873,
        3.8144829273223877,
        3.8159642219543457,
        3.737675428390503,
        3.9031529426574707,
        3.5108814239501953,
        3.5664970874786377,
        3.7459070682525635,
        3.734200954437256,
        3.68660831451416,
        3.696204423904419,
        3.563802719116211,
        3.5821244716644287,
        3.681854009628296,
        3.481342315673828,
        3.6460983753204346,
        3.5587406158447266,
        3.3966848850250244,
        3.567695140838623,
        3.518580198287964,
        3.602526903152466,
        3.4958877563476562,
        3.5173158645629883,
        3.448442220687866,
        3.5387816429138184,
        3.5587360858917236,
        3.5421714782714844,
        3.501004457473755,
        3.343043804168701,
        3.388444185256958,
        3.518108606338501,
        3.5344607830047607,
        3.497436285018921,
        3.719799280166626,
        3.375479221343994,
        3.498265027999878,
        3.5609185695648193
    ],