{
    "steps": [
        500,
        1000,
        1500,
        2000,
        2500,
        3000,
        3500,
        4000,
        4500,
        5000,
        5500,
        6000,
        6500,
        7000,
        7500,
        8000,
        8500,
        9000,
        9500,
        10000,
        10500,
        11000,
        11500,
        12000,
        12500,
        13000,
        13500,
        14000,
        14500,
        15000,
        15500,
        16000,
        16500,
        17000,
        17500,
        18000,
        18500,
        19000,
        19500,
        20000,
        20500,
        21000,
        21500,
        22000,
        22500,
        23000,
        23500,
        24000,
        24500,
        25000,
        25500,
        26000,
        26500,
        27000,
        27500,
        28000,
        28500,
        29000,
        29500,
        30000,
        30500,
        31000,
        31500,
        32000,
        32500,
        33000,
        33500,
        34000,
        34500,
        35000,
        35500,
        36000,
        36500,
        37000,
        37500,
        38000,
        38500,
        39000,
        39500,
        40000,
        40500,
        41000,
        41500,
        42000,
        42500,
        43000,
        43500,
        44000,
        44500,
        45000,
        45500,
        46000,
        46500,
        47000,
        47500,
        48000,
        48500,
        49000,
        49500,
        50000
    ],
    "train_losses": [
        5.5346832275390625,
        5.312262535095215,
        5.138498783111572,
        4.678619861602783,
        4.475179672241211,
        4.259926795959473,
        4.25253438949585,
        3.9320859909057617,
        4.019070625305176,
        3.6195247173309326,
        3.5898373126983643,
        3.390064001083374,
        3.6850526332855225,
        3.037022590637207,
        3.2762911319732666,
        2.9782822132110596,
        3.0004265308380127,
        2.7703545093536377,
        3.1831467151641846,
        2.8216323852539062,
        2.777031421661377,
        2.590578556060791,
        2.650644540786743,
        2.3793134689331055,
        2.3090548515319824,
        2.368906259536743,
        2.5044283866882324,
        2.0446889400482178,
        2.1408071517944336,
        2.0218119621276855,
        2.0163350105285645,
        1.977534532546997,
        2.217477560043335,
        1.7936562299728394,
        2.0020246505737305,
        1.6293538808822632,
        1.760067343711853,
        1.698869228363037,
        1.900957703590393,
        1.4942622184753418,
        1.8691215515136719,
        1.4411648511886597,
        1.4022729396820068,
        1.5869051218032837,
        1.7705754041671753,
        1.3540518283843994,
        1.6227335929870605,
        1.3061741590499878,
        1.322506070137024,
        1.1820578575134277,
        1.6842116117477417,
        1.220001459121704,
        1.5369898080825806,
        1.0969420671463013,
        1.2455040216445923,
        1.0467932224273682,
        1.5376098155975342,
        1.1133394241333008,
        1.4039570093154907,
        1.0216609239578247,
        1.238455057144165,
        0.9821556210517883,
        1.4553970098495483,
        1.0177346467971802,
        1.2760180234909058,
        0.9291715621948242,
        1.1877365112304688,
        0.8970564007759094,
        1.3491501808166504,
        0.9960646033287048,
        1.246646761894226,
        0.8793975114822388,
        1.0207152366638184,
        0.822659969329834,
        0.9760281443595886,
        0.8045240044593811,
        1.22026526927948,
        0.8398698568344116,
        1.0094908475875854,
        0.7954500913619995,
        0.8858442306518555,
        0.8536712527275085,
        1.098886489868164,
        0.695237398147583,
        0.9934065937995911,
        0.7820507287979126,
        0.7961666584014893,
        0.77280193567276,
        1.0485165119171143,
        0.7683068513870239,
        0.9923862814903259,
        0.6551390886306763,
        0.8246787786483765,
        0.7188579440116882,
        1.008423089981079,
        0.6783739328384399,
        0.8756773471832275,
        0.6199851632118225,
        0.7836059927940369,
        0.6094837188720703
    ],
    "val_losses": [
        5.756998538970947,
        5.530411720275879,
        5.183076858520508,
        5.048452854156494,
        4.886782646179199,
        4.791272163391113,
        4.72426700592041,
        4.637593746185303,
        4.651207447052002,
        4.577362537384033,
        4.612502574920654,
        4.565604209899902,
        4.590419769287109,
        4.586122512817383,
        4.666436195373535,
        4.624000549316406,
        4.73629903793335,
        4.706582069396973,
        4.755109786987305,
        4.775138854980469,
        4.867321968078613,
        4.875331401824951,
        4.996578216552734,
        4.972684860229492,
        5.075429439544678,
        5.090850353240967,
        5.197817802429199,
        5.184791564941406,
        5.307361602783203,
        5.294449329376221,
        5.388916969299316,
        5.419716835021973,
        5.4849958419799805,
        5.539851188659668,
        5.657837867736816,
        5.641929626464844,
        5.740439414978027,
        5.756977081298828,
        5.859450340270996,
        5.902441024780273,
        5.961233615875244,
        6.006931781768799,
        6.076887130737305,
        6.075189113616943,
        6.168538570404053,
        6.192841529846191,
        6.295639514923096,
        6.318190097808838,
        6.405885219573975,
        6.400367259979248,
        6.45418119430542,
        6.426662445068359,
        6.568222522735596,
        6.581849098205566,
        6.6670050621032715,
        6.678462982177734,
        6.684682846069336,
        6.723301410675049,
        6.881863594055176,
        6.859557628631592,
        6.951014995574951,
        6.968453884124756,
        7.000401020050049,
        7.031415939331055,
        7.101999282836914,
        7.081395149230957,
        7.192714691162109,
        7.182615756988525,
        7.20641565322876,
        7.241032123565674,
        7.324446678161621,
        7.3386359214782715,
        7.453025817871094,
        7.461714267730713,
        7.462213516235352,
        7.475817680358887,
        7.541072368621826,
        7.570384502410889,
        7.618901252746582,
        7.632273197174072,
        7.649972915649414,
        7.676295757293701,
        7.727312088012695,
        7.762957572937012,
        7.8286309242248535,
        7.844357013702393,
        7.906043529510498,
        7.8827314376831055,
        7.889927387237549,
        7.917985916137695,
        8.026327133178711,
        7.987142086029053,
        8.056822776794434,
        8.005967140197754,
        8.058276176452637,
        8.080931663513184,
        8.191810607910156,
        8.17969799041748,
        8.200839042663574,
        8.236251831054688
    ]
}